,VGS,L,W,ID_NMOS,ID_PMOS,gm_NMOS,gm_PMOS,gds_NMOS,gds_PMOS,Vov_NMOS,Vstar_NMOS,Vov_PMOS,Vstar_PMOS
1,0.0,1e-07,5e-07,5.86305e-12,-3.005479e-13,1.570313e-10,7.654918e-12,6.640327e-12,8.574442e-13,-0.5210703,0.07467362,0.6285337,-0.07852414
2,0.01,1e-07,5e-07,7.663681e-12,-3.877275e-13,2.052429e-10,9.875116e-12,8.679408e-12,1.106137e-12,-0.5110703,0.07467914,0.6185337,-0.07852617
3,0.02,1e-07,5e-07,1.00171e-11,-5.001916e-13,2.682477e-10,1.273912e-11,1.134435e-11,1.426947e-12,-0.5010703,0.07468545,0.6085337,-0.07852847
4,0.03,1e-07,5e-07,1.309291e-11,-6.452719e-13,3.505809e-10,1.643354e-11,1.482711e-11,1.840779e-12,-0.4910703,0.07469266,0.5985337,-0.07853108
5,0.04,1e-07,5e-07,1.711269e-11,-8.324252e-13,4.581656e-10,2.119909e-11,1.937844e-11,2.374596e-12,-0.4810703,0.0747009,0.5885337,-0.07853405
6,0.05,1e-07,5e-07,2.236592e-11,-1.073849e-12,5.98737e-10,2.734617e-11,2.532589e-11,3.063173e-12,-0.4710703,0.07471032,0.5785337,-0.07853742
7,0.06,1e-07,5e-07,2.923072e-11,-1.385275e-12,7.823954e-10,3.52751e-11,3.309723e-11,3.951355e-12,-0.4610703,0.07472108,0.5685337,-0.07854125
8,0.07,1e-07,5e-07,3.820096e-11,-1.786995e-12,1.022327e-09,4.55021e-11,4.325108e-11,5.096973e-12,-0.4510703,0.07473338,0.5585337,-0.0785456
9,0.08,1e-07,5e-07,4.992161e-11,-2.305175e-12,1.335741e-09,5.869279e-11,5.651681e-11,6.5746e-12,-0.4410703,0.07474742,0.5485337,-0.07855054
10,0.09,1e-07,5e-07,6.523484e-11,-2.973563e-12,1.745099e-09,7.570542e-11,7.384654e-11,8.480386e-12,-0.4310703,0.07476347,0.5385337,-0.07855614
11,0.1,1e-07,5e-07,8.52401e-11,-3.835676e-12,2.279702e-09,9.764648e-11,9.648295e-11,1.09383e-11,-0.4210703,0.0747818,0.5285337,-0.07856251
12,0.11,1e-07,5e-07,1.113725e-10,-4.94763e-12,2.977764e-09,1.259424e-10,1.260475e-10,1.410816e-11,-0.4110703,0.07480274,0.5185337,-0.07856974
13,0.12,1e-07,5e-07,1.455047e-10,-6.381777e-12,3.889114e-09,1.624318e-10,1.646555e-10,1.819598e-11,-0.4010703,0.07482664,0.5085337,-0.07857795
14,0.13,1e-07,5e-07,1.9008e-10,-8.2314e-12,5.078691e-09,2.094843e-10,2.150652e-10,2.346728e-11,-0.3910703,0.07485393,0.4985337,-0.07858726
15,0.14,1e-07,5e-07,2.482851e-10,-1.061676e-11,6.631097e-09,2.701539e-10,2.808729e-10,3.026427e-11,-0.3810703,0.07488508,0.4885337,-0.07859784
16,0.15,1e-07,5e-07,3.242749e-10,-1.369286e-11,8.656493e-09,3.483751e-10,3.667645e-10,3.902787e-11,-0.3710703,0.07492062,0.4785337,-0.07860985
17,0.16,1e-07,5e-07,4.234647e-10,-1.76595e-11,1.129824e-08,4.492169e-10,4.78844e-10,5.032615e-11,-0.3610703,0.07496117,0.4685337,-0.07862348
18,0.17,1e-07,5e-07,5.529096e-10,-2.277415e-11,1.47428e-08,5.79208e-10,6.250577e-10,6.489084e-11,-0.3510703,0.07500742,0.4585337,-0.07863895
19,0.18,1e-07,5e-07,7.217965e-10,-2.936858e-11,1.923249e-08,7.467553e-10,8.15745e-10,8.366424e-11,-0.3410703,0.07506013,0.4485337,-0.07865651
20,0.19,1e-07,5e-07,9.420816e-10,-3.787018e-11,2.508198e-08,9.626817e-10,1.06435e-09,1.078596e-10,-0.3310703,0.0751202,0.4385337,-0.07867643
21,0.2,1e-07,5e-07,1.229316e-09,-4.882947e-11,3.269952e-08,1.240917e-09,1.388339e-09,1.390385e-10,-0.3210703,0.07518862,0.4285337,-0.07869903
22,0.21,1e-07,5e-07,1.603712e-09,-6.295538e-11,4.261423e-08,1.599381e-09,1.810388e-09,1.792103e-10,-0.3110703,0.07526651,0.4185337,-0.07872467
23,0.22,1e-07,5e-07,2.091519e-09,-8.116063e-11,5.5511e-08,2.061124e-09,2.359907e-09,2.309596e-10,-0.3010703,0.0753551,0.4085337,-0.07875375
24,0.23,1e-07,5e-07,2.726795e-09,-1.0462e-10,7.227527e-08,2.655776e-09,3.074994e-09,2.976097e-10,-0.2910703,0.07545582,0.3985337,-0.07878673
25,0.24,1e-07,5e-07,3.553688e-09,-1.348449e-10,9.404998e-08,3.421412e-09,4.004951e-09,3.834316e-10,-0.2810703,0.07557021,0.3885337,-0.07882412
26,0.25,1e-07,5e-07,4.629358e-09,-1.737796e-10,1.22308e-07,4.406931e-09,5.21348e-09,4.939116e-10,-0.2710703,0.07570001,0.3785337,-0.0788665
27,0.26,1e-07,5e-07,6.027713e-09,-2.239237e-10,1.589437e-07,5.675095e-09,6.782769e-09,6.360929e-10,-0.2610703,0.07584713,0.3685337,-0.07891453
28,0.27,1e-07,5e-07,7.844186e-09,-2.884895e-10,2.063888e-07,7.306406e-09,8.818672e-09,8.190117e-10,-0.2510703,0.07601367,0.3585337,-0.07896892
29,0.28,1e-07,5e-07,1.02018e-08,-3.71603e-10,2.67757e-07,9.404039e-09,1.145726e-08,1.054252e-09,-0.2410703,0.07620192,0.3485337,-0.07903052
30,0.29,1e-07,5e-07,1.325886e-08,-4.78561e-10,3.470254e-07,1.210012e-08,1.487308e-08,1.356654e-09,-0.2310703,0.07641437,0.3385337,-0.07910024
31,0.3,1e-07,5e-07,1.72187e-08,-6.161583e-10,4.492596e-07,1.556366e-08,1.928947e-08,1.745208e-09,-0.2210703,0.07665366,0.3285337,-0.07917911
32,0.31,1e-07,5e-07,2.234184e-08,-7.931058e-10,5.808913e-07,2.001067e-08,2.499152e-08,2.244192e-09,-0.2110703,0.07692261,0.3185337,-0.07926829
33,0.32,1e-07,5e-07,2.896137e-08,-1.02056e-09,7.5006e-07,2.571683e-08,3.234203e-08,2.884606e-09,-0.2010703,0.07722414,0.3085337,-0.07936907
34,0.33,1e-07,5e-07,3.750202e-08,-1.3128e-09,9.670293e-07,3.303354e-08,4.18013e-08,3.705983e-09,-0.1910703,0.07756128,0.2985337,-0.07948287
35,0.34,1e-07,5e-07,4.85038e-08,-1.688077e-09,1.244692e-06,4.240799e-08,5.395134e-08,4.758662e-09,-0.1810703,0.07793702,0.2885337,-0.07961126
36,0.35,1e-07,5e-07,6.265132e-08,-2.169696e-09,1.59918e-06,5.440834e-08,6.952543e-08,6.106636e-09,-0.1710703,0.07835432,0.2785337,-0.079756
37,0.36,1e-07,5e-07,8.080964e-08,-2.787377e-09,2.050591e-06,6.975505e-08,8.944386e-08,7.831108e-09,-0.1610703,0.07881594,0.2685337,-0.07991899
38,0.37,1e-07,5e-07,1.040682e-07,-3.578963e-09,2.623865e-06,8.935978e-08,1.148569e-07,1.00349e-08,-0.1510703,0.07932437,0.2585337,-0.08010232
39,0.38,1e-07,5e-07,1.337942e-07,-4.592568e-09,3.349808e-06,1.143735e-07,1.47196e-07,1.284794e-08,-0.1410703,0.07988174,0.2485337,-0.08030825
40,0.39,1e-07,5e-07,1.716973e-07,-5.889251e-09,4.266317e-06,1.462456e-07,1.88235e-07,1.643397e-08,-0.1310703,0.08048972,0.2385337,-0.08053921
41,0.4,1e-07,5e-07,2.199072e-07,-7.546353e-09,5.419803e-06,1.86796e-07,2.401606e-07,2.09988e-08,-0.1210703,0.08114953,0.2285337,-0.08079781
42,0.41,1e-07,5e-07,2.810671e-07,-9.661626e-09,6.866846e-06,2.383033e-07,3.056561e-07,2.680034e-08,-0.1110703,0.08186207,0.2185337,-0.0810868
43,0.42,1e-07,5e-07,3.584444e-07,-1.235833e-08,8.676079e-06,3.036109e-07,3.879948e-07,3.416074e-08,-0.1010703,0.0826282,0.2085337,-0.08140902
44,0.43,1e-07,5e-07,4.560614e-07,-1.579152e-08,1.093027e-05,3.862545e-07,4.911455e-07,4.348104e-08,-0.09107032,0.08344926,0.1985337,-0.08176745
45,0.44,1e-07,5e-07,5.788476e-07,-2.015567e-08,1.372849e-05,4.906144e-07,6.198849e-07,5.525852e-08,-0.08107032,0.08432792,0.1885337,-0.08216504
46,0.45,1e-07,5e-07,7.328129e-07,-2.569404e-08,1.71882e-05,6.220961e-07,7.799105e-07,7.010744e-08,-0.07107032,0.0852693,0.1785338,-0.08260474
47,0.46,1e-07,5e-07,9.252399e-07,-3.270992e-08,2.144678e-05,7.873429e-07,9.779422e-07,8.878332e-08,-0.06107032,0.0862824,0.1685338,-0.08308939
48,0.47,1e-07,5e-07,1.164886e-06,-4.158026e-08,2.666205e-05,9.944853e-07,1.221792e-06,1.122113e-07,-0.05107032,0.08738161,0.1585338,-0.08362166
49,0.48,1e-07,5e-07,1.462184e-06,-5.277191e-08,3.301084e-05,1.253431e-06,1.520376e-06,1.415192e-07,-0.04107032,0.08858813,0.1485338,-0.08420397
50,0.49,1e-07,5e-07,1.829411e-06,-6.686108e-08,4.068479e-05,1.576197e-06,1.883625e-06,1.780747e-07,-0.03107032,0.08993095,0.1385339,-0.08483848
51,0.5,1e-07,5e-07,2.280801e-06,-8.455626e-08,4.988237e-05,1.977298e-06,2.322274e-06,2.235284e-07,-0.02107032,0.0914472,0.1285339,-0.08552707
52,0.51,1e-07,5e-07,2.832557e-06,-1.067253e-07,6.079651e-05,2.474173e-06,2.847469e-06,2.798612e-07,-0.01107032,0.09318155,0.118534,-0.08627148
53,0.52,1e-07,5e-07,3.50271e-06,-1.344271e-07,7.359813e-05,3.087667e-06,3.470204e-06,3.494355e-07,-0.001070321,0.09518475,0.108534,-0.08707356
54,0.53,1e-07,5e-07,4.310809e-06,-1.689479e-07,8.84164e-05,3.842536e-06,4.200582e-06,4.350486e-07,0.008929679,0.09751152,0.09853413,-0.08793563
55,0.54,1e-07,5e-07,5.277395e-06,-2.118435e-07,0.0001053183,4.767965e-06,5.046966e-06,5.399851e-07,0.01892968,0.1002181,0.08853425,-0.08886116
56,0.55,1e-07,5e-07,6.423289e-06,-2.649852e-07,0.0001242901,5.898025e-06,6.015109e-06,6.680598e-07,0.02892968,0.1033596,0.07853438,-0.08985557
57,0.56,1e-07,5e-07,7.768715e-06,-3.30611e-07,0.0001452254,7.271986e-06,7.107381e-06,8.236437e-07,0.03892968,0.1069884,0.06853455,-0.09092729
58,0.57,1e-07,5e-07,9.332343e-06,-4.113776e-07,0.0001679203,8.934366e-06,8.322229e-06,1.011656e-06,0.04892968,0.1111521,0.05853476,-0.09208882
59,0.58,1e-07,5e-07,1.113034e-05,-5.104115e-07,0.0001920797,1.093452e-05,9.653958e-06,1.237507e-06,0.05892968,0.1158929,0.04853502,-0.09335783
60,0.59,1e-07,5e-07,1.317553e-05,-6.313524e-07,0.0002173334,1.332559e-05,1.109288e-05,1.506965e-06,0.06892968,0.1212472,0.03853534,-0.0947579
61,0.6,1e-07,5e-07,1.547675e-05,-7.783826e-07,0.000243259,1.616263e-05,1.262585e-05,1.825941e-06,0.07892968,0.1272451,0.02853572,-0.09631883
62,0.61,1e-07,5e-07,1.803849e-05,-9.562324e-07,0.0002694105,1.949976e-05,1.423702e-05,2.200161e-06,0.08892968,0.1339108,0.01853618,-0.09807632
63,0.62,1e-07,5e-07,2.086076e-05,-1.170153e-06,0.0002953472,2.338644e-05,1.590889e-05,2.634757e-06,0.09892968,0.1412626,0.008536738,-0.100071
64,0.63,1e-07,5e-07,2.393931e-05,-1.425846e-06,0.0003206598,2.7863e-05,1.762329e-05,3.133774e-06,0.1089297,0.1493128,-0.001462597,-0.1023469
65,0.64,1e-07,5e-07,2.726606e-05,-1.729351e-06,0.0003449916,3.29559e-05,1.936238e-05,3.69967e-06,0.1189297,0.1580679,-0.01146181,-0.1049494
66,0.65,1e-07,5e-07,3.082967e-05,-2.086883e-06,0.0003680527,3.867335e-05,2.110942e-05,4.332856e-06,0.1289297,0.1675285,-0.02146088,-0.1079236
67,0.66,1e-07,5e-07,3.461627e-05,-2.504632e-06,0.000389627,4.500201e-05,2.284945e-05,5.031361e-06,0.1389297,0.1776893,-0.03145979,-0.111312
68,0.67,1e-07,5e-07,3.86102e-05,-2.988536e-06,0.0004095728,5.19052e-05,2.45696e-05,5.790681e-06,0.1489297,0.1885389,-0.04145853,-0.1151536
69,0.68,1e-07,5e-07,4.279473e-05,-3.54405e-06,0.0004278183,5.932326e-05,2.625931e-05,6.603845e-06,0.1589297,0.2000603,-0.05145709,-0.1194827
70,0.69,1e-07,5e-07,4.715272e-05,-4.175925e-06,0.0004443531,6.717592e-05,2.791032e-05,7.461722e-06,0.1689297,0.2122309,-0.06145544,-0.124328
71,0.7,1e-07,5e-07,5.166718e-05,-4.888023e-06,0.0004592176,7.536657e-05,2.951652e-05,8.3535e-06,0.1789297,0.2250226,-0.07145359,-0.1297133
72,0.71,1e-07,5e-07,5.632174e-05,-5.68318e-06,0.0004724919,8.378783e-05,3.107376e-05,9.267311e-06,0.1889297,0.238403,-0.08145152,-0.1356565
73,0.72,1e-07,5e-07,6.110094e-05,-6.563131e-06,0.0004842841,9.232765e-05,3.257953e-05,1.01909e-05,0.1989297,0.2523351,-0.09144923,-0.1421704
74,0.73,1e-07,5e-07,6.599052e-05,-7.528494e-06,0.0004947207,0.0001008755,3.403272e-05,1.11123e-05,0.2089297,0.2667789,-0.1014467,-0.1492631
75,0.74,1e-07,5e-07,7.097753e-05,-8.578815e-06,0.0005039378,0.0001093279,3.543329e-05,1.202038e-05,0.2189297,0.2816916,-0.111444,-0.1569374
76,0.75,1e-07,5e-07,7.605036e-05,-9.712658e-06,0.0005120742,0.0001175925,3.678208e-05,1.290531e-05,0.2289297,0.2970287,-0.121441,-0.1651918
77,0.76,1e-07,5e-07,8.11988e-05,-1.092774e-05,0.0005192655,0.0001255915,3.80805e-05,1.375885e-05,0.2389297,0.3127448,-0.1314379,-0.1740204
78,0.77,1e-07,5e-07,8.641394e-05,-1.222107e-05,0.000525641,0.0001332632,3.933041e-05,1.457455e-05,0.2489297,0.3287945,-0.1414345,-0.1834125
79,0.78,1e-07,5e-07,9.168813e-05,-1.358914e-05,0.0005313204,0.0001405624,4.053392e-05,1.534773e-05,0.2589297,0.3451331,-0.151431,-0.1933538
80,0.79,1e-07,5e-07,9.701482e-05,-1.502807e-05,0.0005364127,0.00014746,4.16933e-05,1.607542e-05,0.2689297,0.3617171,-0.1614272,-0.2038258
81,0.8,1e-07,5e-07,0.0001023885,-1.653376e-05,0.0005410154,0.0001539413,4.281086e-05,1.675621e-05,0.2789297,0.378505,-0.1714233,-0.2148061
82,0.81,1e-07,5e-07,0.0001078046,-1.810203e-05,0.0005452144,0.0001600044,4.388889e-05,1.739003e-05,0.2889297,0.3954578,-0.1814192,-0.2262691
83,0.82,1e-07,5e-07,0.0001132594,-1.972873e-05,0.0005490845,0.0001656581,4.492964e-05,1.79779e-05,0.2989297,0.412539,-0.191415,-0.2381862
84,0.83,1e-07,5e-07,0.0001187496,-2.140986e-05,0.0005526899,0.0001709191,4.593522e-05,1.852171e-05,0.3089297,0.4297151,-0.2014106,-0.2505262
85,0.84,1e-07,5e-07,0.0001242728,-2.314161e-05,0.0005560853,0.0001758107,4.690766e-05,1.902401e-05,0.3189297,0.4469558,-0.2114061,-0.263256
86,0.85,1e-07,5e-07,0.0001298269,-2.492042e-05,0.0005593167,0.00018036,4.784883e-05,1.948774e-05,0.3289297,0.4642338,-0.2214015,-0.2763408
87,0.86,1e-07,5e-07,0.0001354103,-2.674301e-05,0.0005624227,0.0001845967,4.876048e-05,1.991612e-05,0.3389297,0.4815249,-0.2313967,-0.2897453
88,0.87,1e-07,5e-07,0.0001410217,-2.860644e-05,0.0005654348,0.0001885515,4.964424e-05,2.031246e-05,0.3489297,0.4988078,-0.2413919,-0.3034336
89,0.88,1e-07,5e-07,0.0001466601,-3.050802e-05,0.0005683791,0.0001922551,5.050159e-05,2.068005e-05,0.3589297,0.5160642,-0.2513869,-0.3173703
90,0.89,1e-07,5e-07,0.0001523247,-3.244541e-05,0.0005712766,0.0001957368,5.13339e-05,2.102208e-05,0.3689297,0.5332781,-0.2613819,-0.3315208
91,0.9,1e-07,5e-07,0.0001580149,-3.441653e-05,0.0005741441,0.0001990248,5.214243e-05,2.134157e-05,0.3789297,0.5504363,-0.2713768,-0.3458516
92,0.91,1e-07,5e-07,0.0001637302,-3.641959e-05,0.0005769949,0.000202145,5.292832e-05,2.164132e-05,0.3889297,0.5675273,-0.2813716,-0.3603313
93,0.92,1e-07,5e-07,0.0001694703,-3.845301e-05,0.0005798396,0.0002051209,5.369263e-05,2.192391e-05,0.3989297,0.5845419,-0.2913663,-0.3749301
94,0.93,1e-07,5e-07,0.0001752348,-4.051548e-05,0.0005826862,0.0002079739,5.443634e-05,2.219165e-05,0.4089297,0.6014724,-0.3013609,-0.3896209
95,0.94,1e-07,5e-07,0.0001810236,-4.260586e-05,0.0005855408,0.0002107226,5.516032e-05,2.24466e-05,0.4189297,0.6183125,-0.3113555,-0.4043786
96,0.95,1e-07,5e-07,0.0001868364,-4.47232e-05,0.000588408,0.0002133837,5.586541e-05,2.269059e-05,0.4289297,0.6350574,-0.32135,-0.419181
97,0.96,1e-07,5e-07,0.0001926732,-4.686669e-05,0.0005912912,0.0002159713,5.655235e-05,2.292521e-05,0.4389297,0.6517031,-0.3313444,-0.4340085
98,0.97,1e-07,5e-07,0.0001985336,-4.903567e-05,0.0005941926,0.0002184976,5.722184e-05,2.315186e-05,0.4489297,0.6682466,-0.3413387,-0.448844
99,0.98,1e-07,5e-07,0.0002044176,-5.122957e-05,0.0005971141,0.000220973,5.787454e-05,2.33717e-05,0.4589297,0.6846853,-0.351333,-0.4636727
100,0.99,1e-07,5e-07,0.000210325,-5.344793e-05,0.0006000565,0.0002234059,5.851105e-05,2.358576e-05,0.4689297,0.7010175,-0.3613273,-0.4784826
101,1.0,1e-07,5e-07,0.0002162557,-5.569036e-05,0.0006030205,0.0002258036,5.913192e-05,2.379488e-05,0.4789297,0.7172417,-0.3713214,-0.4932637
102,1.01,1e-07,5e-07,0.0002222095,-5.795654e-05,0.0006060066,0.0002281717,5.973768e-05,2.399978e-05,0.4889297,0.7333566,-0.3813155,-0.5080081
103,1.02,1e-07,5e-07,0.0002281861,-6.02462e-05,0.000609015,0.0002305148,6.032883e-05,2.420106e-05,0.4989297,0.7493613,-0.3913096,-0.52271
104,1.03,1e-07,5e-07,0.0002341855,-6.255911e-05,0.0006120457,0.0002328365,6.090582e-05,2.43992e-05,0.5089297,0.7652548,-0.4013036,-0.5373651
105,1.04,1e-07,5e-07,0.0002402072,-6.489506e-05,0.0006150988,0.0002351395,6.146909e-05,2.459461e-05,0.5189297,0.7810362,-0.4112975,-0.5519707
106,1.05,1e-07,5e-07,0.0002462512,-6.725389e-05,0.0006181744,0.0002374257,6.201905e-05,2.478761e-05,0.5289297,0.7967045,-0.4212913,-0.5665257
107,1.06,1e-07,5e-07,0.000252317,-6.963542e-05,0.0006212727,0.0002396966,6.255609e-05,2.497846e-05,0.5389297,0.8122585,-0.4312852,-0.5810298
108,1.07,1e-07,5e-07,0.0002584045,-7.203952e-05,0.0006243938,0.0002419528,6.308057e-05,2.516738e-05,0.5489297,0.8276971,-0.4412789,-0.595484
109,1.08,1e-07,5e-07,0.0002645133,-7.446603e-05,0.0006275382,0.0002441949,6.359285e-05,2.535452e-05,0.5589297,0.8430188,-0.4512726,-0.6098902
110,1.09,1e-07,5e-07,0.000270643,-7.691482e-05,0.0006307063,0.0002464228,6.409326e-05,2.554002e-05,0.5689297,0.858222,-0.4612662,-0.6242508
111,1.1,1e-07,5e-07,0.0002767933,-7.938574e-05,0.0006338986,0.0002486364,6.458211e-05,2.572397e-05,0.5789297,0.8733046,-0.4712598,-0.638569
112,1.11,1e-07,5e-07,0.0002829638,-8.187865e-05,0.000637116,0.0002508351,6.505971e-05,2.590646e-05,0.5889297,0.8882647,-0.4812533,-0.6528484
113,1.12,1e-07,5e-07,0.0002891542,-8.43934e-05,0.0006403594,0.0002530184,6.552634e-05,2.608755e-05,0.5989297,0.9030996,-0.4912468,-0.667093
114,1.13,1e-07,5e-07,0.0002953639,-8.692982e-05,0.0006436298,0.0002551855,6.598228e-05,2.626729e-05,0.6089297,0.9178067,-0.5012402,-0.681307
115,1.14,1e-07,5e-07,0.0003015925,-8.948775e-05,0.0006469284,0.0002573354,6.642779e-05,2.644571e-05,0.6189297,0.932383,-0.5112335,-0.695495
116,1.15,1e-07,5e-07,0.0003078396,-9.206702e-05,0.0006502565,0.0002594673,6.686312e-05,2.662286e-05,0.6289297,0.946825,-0.5212268,-0.7096617
117,1.16,1e-07,5e-07,0.0003141046,-9.466744e-05,0.0006536158,0.0002615802,6.72885e-05,2.679876e-05,0.6389297,0.9611292,-0.53122,-0.7238119
118,1.17,1e-07,5e-07,0.0003203871,-9.728882e-05,0.0006570078,0.0002636731,6.770417e-05,2.697346e-05,0.6489297,0.9752916,-0.5412132,-0.7379503
119,1.18,1e-07,5e-07,0.0003266865,-9.993094e-05,0.0006604344,0.0002657449,6.811034e-05,2.714697e-05,0.6589297,0.9893079,-0.5512063,-0.7520819
120,1.19,1e-07,5e-07,0.0003330022,-0.0001025936,0.0006638975,0.0002677945,6.850722e-05,2.731934e-05,0.6689297,1.003174,-0.5611994,-0.7662114
121,1.2,1e-07,5e-07,0.0003393337,-0.0001052766,0.0006673993,0.000269821,6.8895e-05,2.749061e-05,0.6789297,1.016883,-0.5711924,-0.7803438
122,1.21,1e-07,5e-07,0.0003456803,-0.0001079796,0.000670942,0.0002718233,6.927387e-05,2.766082e-05,0.6889297,1.030433,-0.5811854,-0.7944839
123,1.22,1e-07,5e-07,0.0003520413,-0.0001107025,0.000674528,0.0002738003,6.9644e-05,2.783002e-05,0.6989297,1.043815,-0.5911783,-0.8086365
124,1.23,1e-07,5e-07,0.0003584162,-0.0001134449,0.0006781599,0.0002757511,7.000556e-05,2.799826e-05,0.7089297,1.057026,-0.6011712,-0.8228065
125,1.24,1e-07,5e-07,0.0003648042,-0.0001162066,0.0006818402,0.0002776746,7.03587e-05,2.816559e-05,0.7189297,1.070058,-0.611164,-0.8369987
126,1.25,1e-07,5e-07,0.0003712045,-0.0001189874,0.000685572,0.0002795697,7.070356e-05,2.833208e-05,0.7289297,1.082905,-0.6211568,-0.8512181
127,1.26,1e-07,5e-07,0.0003776164,-0.0001217869,0.0006893581,0.0002814353,7.104028e-05,2.849779e-05,0.7389297,1.09556,-0.6311495,-0.8654699
128,1.27,1e-07,5e-07,0.0003840391,-0.0001246048,0.0006932017,0.0002832701,7.136897e-05,2.866276e-05,0.7489297,1.108016,-0.6411421,-0.8797596
129,1.28,1e-07,5e-07,0.0003904718,-0.0001274408,0.000697106,0.0002850729,7.168975e-05,2.882706e-05,0.7589297,1.120265,-0.6511348,-0.8940931
130,1.29,1e-07,5e-07,0.0003969134,-0.0001302947,0.0007010745,0.0002868419,7.200272e-05,2.89907e-05,0.7689297,1.1323,-0.6611273,-0.9084774
131,1.3,1e-07,5e-07,0.0004033631,-0.000133166,0.0007051106,0.000288575,7.230795e-05,2.915368e-05,0.7789297,1.144113,-0.6711199,-0.9229208
132,1.31,1e-07,5e-07,0.0004098199,-0.0001360543,0.0007092183,0.0002902697,7.260552e-05,2.931593e-05,0.7889297,1.155695,-0.6811124,-0.9374339
133,1.32,1e-07,5e-07,0.0004162827,-0.0001389593,0.0007134013,0.0002919218,7.289548e-05,2.947729e-05,0.7989297,1.167036,-0.6911048,-0.9520312
134,1.33,1e-07,5e-07,0.0004227503,-0.0001418806,0.0007176638,0.0002935255,7.317788e-05,2.963738e-05,0.8089297,1.178129,-0.7010972,-0.9667343
135,1.34,1e-07,5e-07,0.0004292217,-0.0001448175,0.0007220098,0.0002950712,7.345274e-05,2.97955e-05,0.8189297,1.188964,-0.7110896,-0.9815771
136,1.35,1e-07,5e-07,0.0004356955,-0.0001477695,0.0007264439,0.000296542,7.372008e-05,2.995022e-05,0.8289297,1.199529,-0.7210819,-0.996618
137,1.36,1e-07,5e-07,0.0004421703,-0.0001507357,0.0007309707,0.0002979066,7.397987e-05,3.009872e-05,0.8389297,1.209817,-0.7310742,-1.011966
138,1.37,1e-07,5e-07,0.0004486448,-0.0001537146,0.0007355948,0.0002991011,7.423208e-05,3.023496e-05,0.8489297,1.219815,-0.7410664,-1.027844
139,1.38,1e-07,5e-07,0.0004551174,-0.0001567041,0.0007403212,0.0002999835,7.447667e-05,3.034523e-05,0.8589297,1.229514,-0.7510586,-1.044752
140,1.39,1e-07,5e-07,0.0004615865,-0.0001596996,0.000745155,0.0003002144,7.471355e-05,3.039642e-05,0.8689297,1.238901,-0.7610508,-1.063904
141,1.4,1e-07,5e-07,0.0004680503,-0.0001626911,0.0007501016,0.000299023,7.494261e-05,3.031302e-05,0.8789297,1.247965,-0.7710431,-1.088151
142,1.41,1e-07,5e-07,0.0004745068,-0.0001656596,0.0007551665,0.0002955307,7.516372e-05,3.00081e-05,0.8889297,1.256695,-0.7810353,-1.121099
143,1.42,1e-07,5e-07,0.0004809542,-0.0001685867,0.0007603554,0.0002912548,7.53767e-05,2.962786e-05,0.8989297,1.265077,-0.7910277,-1.157658
144,1.43,1e-07,5e-07,0.00048739,-0.000171479,0.0007656741,0.0002886989,7.558133e-05,2.941661e-05,0.9089297,1.273101,-0.8010202,-1.187944
145,1.44,1e-07,5e-07,0.0004938121,-0.0001743541,0.0007711287,0.0002876445,7.577738e-05,2.935495e-05,0.9189297,1.280751,-0.8110127,-1.212288
146,1.45,1e-07,5e-07,0.0005002177,-0.0001772227,0.0007767255,0.0002872969,7.596453e-05,2.936676e-05,0.9289297,1.288017,-0.8210053,-1.233725
147,1.46,1e-07,5e-07,0.0005066041,-0.0001800895,0.0007824708,0.0002872539,7.614242e-05,2.941362e-05,0.9389297,1.294883,-0.8309978,-1.25387
148,1.47,1e-07,5e-07,0.0005129683,-0.0001829567,0.0007883711,0.0002873453,7.631063e-05,2.94794e-05,0.9489297,1.301337,-0.8409903,-1.273428
149,1.48,1e-07,5e-07,0.0005193068,-0.0001858251,0.000794433,0.0002874956,7.646868e-05,2.955711e-05,0.9589297,1.307365,-0.8509829,-1.292716
150,1.49,1e-07,5e-07,0.0005256161,-0.0001886952,0.0008006632,0.0002876691,7.661597e-05,2.964354e-05,0.9689297,1.312952,-0.8609754,-1.311891
151,1.5,1e-07,5e-07,0.0005318922,-0.000191567,0.0008070682,0.000287847,7.675184e-05,2.973719e-05,0.9789297,1.318085,-0.8709679,-1.331033
152,1.51,1e-07,5e-07,0.0005381307,-0.0001944406,0.0008136547,0.0002880194,7.687551e-05,2.983734e-05,0.9889297,1.32275,-0.8809605,-1.350191
153,1.52,1e-07,5e-07,0.0005443267,-0.0001973158,0.0008204288,0.0002881802,7.698606e-05,2.994371e-05,0.9989297,1.326932,-0.890953,-1.369392
154,1.53,1e-07,5e-07,0.000550475,-0.0002001926,0.0008273965,0.000288326,7.708244e-05,3.005625e-05,1.00893,1.33062,-0.9009455,-1.388654
155,1.54,1e-07,5e-07,0.0005565697,-0.0002030707,0.0008345635,0.0002884547,7.71634e-05,3.017504e-05,1.01893,1.333799,-0.910938,-1.40799
156,1.55,1e-07,5e-07,0.0005626043,-0.0002059501,0.0008419342,0.0002885648,7.722752e-05,3.030027e-05,1.02893,1.336457,-0.9209305,-1.427409
157,1.56,1e-07,5e-07,0.0005685714,-0.0002088304,0.0008495125,0.0002886556,7.72731e-05,3.043217e-05,1.03893,1.338583,-0.930923,-1.446917
158,1.57,1e-07,5e-07,0.000574463,-0.0002117115,0.0008573006,0.0002887264,7.729817e-05,3.057103e-05,1.04893,1.340167,-0.9409155,-1.46652
159,1.58,1e-07,5e-07,0.0005802698,-0.0002145932,0.0008652987,0.000288777,7.730042e-05,3.071716e-05,1.05893,1.341201,-0.950908,-1.486221
160,1.59,1e-07,5e-07,0.0005859819,-0.0002174754,0.0008735048,0.000288807,7.727712e-05,3.08709e-05,1.06893,1.34168,-0.9609005,-1.506026
161,1.6,1e-07,5e-07,0.0005915874,-0.0002203577,0.0008819132,0.0002888165,7.722505e-05,3.103264e-05,1.07893,1.3416,-0.970893,-1.525936
162,1.61,1e-07,5e-07,0.0005970735,-0.00022324,0.0008905139,0.0002888052,7.714038e-05,3.120275e-05,1.08893,1.340964,-0.9808855,-1.545956
163,1.62,1e-07,5e-07,0.0006024252,-0.0002261221,0.0008992908,0.0002887733,7.701856e-05,3.138166e-05,1.09893,1.339779,-0.990878,-1.566088
164,1.63,1e-07,5e-07,0.0006076256,-0.0002290038,0.0009082203,0.0002887206,7.685413e-05,3.156981e-05,1.10893,1.338058,-1.000871,-1.586335
165,1.64,1e-07,5e-07,0.0006126552,-0.0002318848,0.0009172684,0.0002886471,7.664053e-05,3.176766e-05,1.11893,1.335825,-1.010863,-1.606701
166,1.65,1e-07,5e-07,0.0006174916,-0.000234765,0.0009263878,0.000288553,7.636981e-05,3.197569e-05,1.12893,1.333117,-1.020856,-1.627188
167,1.66,1e-07,5e-07,0.0006221087,-0.0002376442,0.0009355133,0.0002884381,7.603232e-05,3.219441e-05,1.13893,1.329984,-1.030848,-1.6478
168,1.67,1e-07,5e-07,0.0006264763,-0.0002405221,0.0009445558,0.0002883025,7.561619e-05,3.242436e-05,1.14893,1.326499,-1.040841,-1.66854
169,1.68,1e-07,5e-07,0.0006305588,-0.0002433986,0.0009533945,0.0002881461,7.510682e-05,3.26661e-05,1.15893,1.322766,-1.050833,-1.689411
170,1.69,1e-07,5e-07,0.0006343143,-0.0002462734,0.0009618658,0.0002879688,7.4486e-05,3.292021e-05,1.16893,1.318925,-1.060826,-1.710417
171,1.7,1e-07,5e-07,0.0006376928,-0.0002491463,0.0009697481,0.0002877707,7.373088e-05,3.31873e-05,1.17893,1.315172,-1.070818,-1.731561
172,1.71,1e-07,5e-07,0.0006406346,-0.0002520171,0.0009767401,0.0002875516,7.281252e-05,3.346804e-05,1.18893,1.311781,-1.080811,-1.752848
173,1.72,1e-07,5e-07,0.0006430676,-0.0002548856,0.0009824308,0.0002873115,7.169383e-05,3.376309e-05,1.19893,1.309136,-1.090803,-1.774281
174,1.73,1e-07,5e-07,0.0006449035,-0.0002577517,0.0009862549,0.0002870501,7.032679e-05,3.407317e-05,1.20893,1.307783,-1.100796,-1.795865
175,1.74,1e-07,5e-07,0.0006460338,-0.000260615,0.0009874294,0.0002867674,6.864833e-05,3.439903e-05,1.21893,1.308516,-1.110788,-1.817605
176,1.75,1e-07,5e-07,0.0006463231,-0.0002634754,0.0009848571,0.0002864632,6.657451e-05,3.474146e-05,1.22893,1.312521,-1.120781,-1.839506
177,1.76,1e-07,5e-07,0.0006456001,-0.0002663326,0.0009769817,0.0002861372,6.399175e-05,3.510128e-05,1.23893,1.321622,-1.130773,-1.861572
178,1.77,1e-07,5e-07,0.0006436457,-0.0002691865,0.0009615613,0.0002857893,6.074356e-05,3.547938e-05,1.24893,1.338751,-1.140766,-1.883811
179,1.78,1e-07,5e-07,0.0006401739,-0.0002720367,0.0009353085,0.0002854191,5.660984e-05,3.587666e-05,1.25893,1.368904,-1.150759,-1.906227
180,1.79,1e-07,5e-07,0.0006348052,-0.0002748832,0.0008932991,0.0002850263,5.127365e-05,3.629409e-05,1.26893,1.42126,-1.160751,-1.928827
181,1.8,1e-07,5e-07,0.0006270243,-0.0002777257,0.0008279694,0.0002846106,4.426597e-05,3.673269e-05,1.27893,1.514607,-1.170744,-1.951618
183,0.0,1e-06,5e-06,1.754185e-11,-7.626921e-12,4.828261e-10,2.02421e-10,3.863221e-12,1.015572e-12,-0.404313,0.07266321,0.4108661,-0.07535703
184,0.01,1e-06,5e-06,2.309898e-11,-9.944704e-12,6.355761e-10,2.638395e-10,5.085858e-12,1.324197e-12,-0.394313,0.07268673,0.4008661,-0.07538449
185,0.02,1e-06,5e-06,3.041366e-11,-1.296551e-11,8.36532e-10,3.438408e-10,6.694568e-12,1.726433e-12,-0.384313,0.07271367,0.3908661,-0.07541579
186,0.03,1e-06,5e-06,4.004029e-11,-1.690193e-11,1.100847e-09,4.480215e-10,8.810822e-12,2.250586e-12,-0.374313,0.07274453,0.3808661,-0.07545144
187,0.04,1e-06,5e-06,5.27074e-11,-2.203053e-11,1.448406e-09,5.836518e-10,1.159409e-11,2.933481e-12,-0.364313,0.07277984,0.3708661,-0.07549204
188,0.05,1e-06,5e-06,6.937195e-11,-2.871095e-11,1.905293e-09,7.601699e-10,1.52536e-11,3.823e-12,-0.354313,0.07282026,0.3608661,-0.07553825
189,0.06,1e-06,5e-06,9.129046e-11,-3.741064e-11,2.505692e-09,9.898194e-10,2.006375e-11,4.981383e-12,-0.344313,0.07286647,0.3508661,-0.07559083
190,0.07,1e-06,5e-06,1.201119e-10,-4.873683e-11,3.294378e-09,1.288472e-09,2.638409e-11,6.489476e-12,-0.334313,0.07291931,0.3408661,-0.07565061
191,0.08,1e-06,5e-06,1.57999e-10,-6.347793e-11,4.329946e-09,1.676681e-09,3.468541e-11,8.45224e-12,-0.324313,0.07297966,0.3308661,-0.07571854
192,0.09,1e-06,5e-06,2.077865e-10,-8.265677e-11,5.688997e-09,2.181042e-09,4.558364e-11,1.100584e-11,-0.314313,0.07304855,0.3208661,-0.07579566
193,0.1,1e-06,5e-06,2.731873e-10,-1.075994e-10,7.471573e-09,2.835924e-09,5.988376e-11,1.43268e-11,-0.304313,0.07312712,0.3108661,-0.07588315
194,0.11,1e-06,5e-06,3.590603e-10,-1.400234e-10,9.80816e-09,3.685686e-09,7.863661e-11,1.864374e-11,-0.294313,0.07321665,0.3008661,-0.07598229
195,0.12,1e-06,5e-06,4.717581e-10,-1.821515e-10,1.286873e-08,4.787508e-09,1.032123e-10,2.425246e-11,-0.284313,0.07331855,0.2908661,-0.0760945
196,0.13,1e-06,5e-06,6.195777e-10,-2.368568e-10,1.687432e-08,6.214972e-09,1.353947e-10,3.153529e-11,-0.274313,0.07343437,0.2808661,-0.07622134
197,0.14,1e-06,5e-06,8.13342e-10,-3.078486e-10,2.211195e-08,8.06261e-09,1.775024e-10,4.098572e-11,-0.264313,0.07356583,0.2708661,-0.0763645
198,0.15,1e-06,5e-06,1.067151e-09,-3.999098e-10,2.895352e-08,1.045164e-08,2.32544e-10,5.323991e-11,-0.254313,0.07371478,0.2608661,-0.07652579
199,0.16,1e-06,5e-06,1.399347e-09,-5.191982e-10,3.787997e-08,1.353716e-08,3.044156e-10,6.911659e-11,-0.244313,0.0738832,0.2508661,-0.07670711
200,0.17,1e-06,5e-06,1.833749e-09,-6.736288e-10,4.951181e-08,1.751721e-08,3.981516e-10,8.966767e-11,-0.234313,0.07407319,0.2408661,-0.0769105
201,0.18,1e-06,5e-06,2.401238e-09,-8.733575e-10,6.464764e-08,2.264403e-08,5.202418e-10,1.162421e-10,-0.224313,0.07428694,0.2308661,-0.077138
202,0.19,1e-06,5e-06,3.141767e-09,-1.131391e-09,8.431255e-08,2.923805e-08,6.790309e-10,1.505663e-10,-0.214313,0.07452667,0.2208661,-0.07739166
203,0.2,1e-06,5e-06,4.106919e-09,-1.464351e-09,1.098187e-07,3.77053e-08,8.852183e-10,1.948442e-10,-0.204313,0.07479455,0.2108661,-0.07767348
204,0.21,1e-06,5e-06,5.363143e-09,-1.893436e-09,1.428407e-07,4.855882e-08,1.152483e-09,2.518834e-10,-0.194313,0.07509263,0.2008661,-0.07798525
205,0.22,1e-06,5e-06,6.995828e-09,-2.445618e-09,1.855099e-07,6.244517e-08,1.498261e-09,3.252502e-10,-0.184313,0.07542269,0.1908661,-0.0783285
206,0.23,1e-06,5e-06,9.114434e-09,-3.155135e-09,2.405306e-07,8.017693e-08,1.944705e-09,4.194625e-10,-0.174313,0.07578608,0.1808661,-0.0787043
207,0.24,1e-06,5e-06,1.185892e-08,-4.065343e-09,3.11325e-07,1.027729e-07,2.519873e-09,5.402267e-10,-0.164313,0.07618353,0.1708661,-0.0791131
208,0.25,1e-06,5e-06,1.540779e-08,-5.231021e-09,4.022136e-07,1.315078e-07,3.259199e-09,6.947286e-10,-0.154313,0.07661496,0.1608661,-0.07955456
209,0.26,1e-06,5e-06,1.998816e-08,-6.721223e-09,5.186394e-07,1.679732e-07,4.207294e-09,8.919886e-10,-0.144313,0.07707922,0.1508661,-0.08002735
210,0.27,1e-06,5e-06,2.588833e-08,-8.622815e-09,6.674498e-07,2.141543e-07,5.420181e-09,1.143294e-09,-0.134313,0.07757387,0.1408661,-0.08052901
211,0.28,1e-06,5e-06,3.347355e-08,-1.104487e-08,8.572507e-07,2.725249e-07,6.968045e-09,1.462726e-09,-0.124313,0.07809512,0.1308661,-0.08105587
212,0.29,1e-06,5e-06,4.320572e-08,-1.412413e-08,1.098854e-06,3.461665e-07,8.938631e-09,1.867789e-09,-0.114313,0.07863775,0.1208661,-0.08160312
213,0.3,1e-06,5e-06,5.56682e-08,-1.803179e-08,1.405844e-06,4.389158e-07,1.144142e-08,2.380185e-09,-0.104313,0.07919544,0.1108661,-0.08216514
214,0.31,1e-06,5e-06,7.159693e-08,-2.298193e-08,1.79528e-06,5.555482e-07,1.461271e-08,3.026717e-09,-0.094313,0.07976129,0.1008661,-0.08273604
215,0.32,1e-06,5e-06,9.191941e-08,-2.924198e-08,2.288578e-06,7.019984e-07,1.862179e-08,3.84038e-09,-0.084313,0.08032885,0.09086608,-0.08331069
216,0.33,1e-06,5e-06,1.178033e-07,-3.714561e-08,2.91255e-06,8.856208e-07,2.367804e-08,4.861617e-09,-0.074313,0.0808936,0.08086608,-0.08388603
217,0.34,1e-06,5e-06,1.507165e-07,-4.710829e-08,3.700617e-06,1.11548e-06,3.003895e-08,6.139756e-09,-0.064313,0.08145481,0.07086608,-0.08446278
218,0.35,1e-06,5e-06,1.924994e-07,-5.964599e-08,4.694095e-06,1.402655e-06,3.801852e-08,7.734573e-09,-0.054313,0.08201766,0.06086608,-0.08504725
219,0.36,1e-06,5e-06,2.454502e-07,-7.539671e-08,5.943453e-06,1.760515e-06,4.799498e-08,9.717903e-09,-0.044313,0.08259515,0.05086608,-0.08565302
220,0.37,1e-06,5e-06,3.124222e-07,-9.514444e-08,7.50929e-06,2.204916e-06,6.041651e-08,1.217515e-08,-0.034313,0.08320951,0.04086609,-0.08630211
221,0.38,1e-06,5e-06,3.969269e-07,-1.198444e-07,9.462736e-06,2.754243e-06,7.580278e-08,1.520644e-08,-0.024313,0.08389263,0.03086609,-0.08702534
222,0.39,1e-06,5e-06,5.032384e-07,-1.506478e-07,1.188492e-05,3.429205e-06,9.474012e-08,1.892716e-08,-0.014313,0.08468523,0.0208661,-0.08786163
223,0.4,1e-06,5e-06,6.364846e-07,-1.889221e-07,1.486507e-05,4.252306e-06,1.178678e-07,2.34674e-08,-0.004312998,0.08563492,0.0108661,-0.08885631
224,0.41,1e-06,5e-06,8.027127e-07,-2.362654e-07,1.84971e-05,5.246922e-06,1.458542e-07,2.897015e-08,0.005687002,0.08679336,0.0008661093,-0.09005867
225,0.42,1e-06,5e-06,1.008912e-06,-2.945086e-07,2.287441e-05,6.435995e-06,1.79362e-07,3.558774e-08,0.015687,0.08821313,-0.009133881,-0.0915192
226,0.43,1e-06,5e-06,1.262975e-06,-3.657029e-07,2.808332e-05,7.840392e-06,2.190048e-07,4.347665e-08,0.025687,0.08994481,-0.01913387,-0.09328691
227,0.44,1e-06,5e-06,1.573592e-06,-4.520905e-07,3.419564e-05,9.477078e-06,2.65299e-07,5.279073e-08,0.035687,0.09203465,-0.02913386,-0.09540716
228,0.45,1e-06,5e-06,1.950068e-06,-5.56056e-07,4.126119e-05,1.135733e-05,3.186161e-07,6.367349e-08,0.045687,0.09452309,-0.03913384,-0.09792022
229,0.46,1e-06,5e-06,2.402068e-06,-6.800618e-07,4.930152e-05,1.348522e-05,3.791429e-07,7.625e-08,0.055687,0.09744399,-0.04913382,-0.1008604
230,0.47,1e-06,5e-06,2.939314e-06,-8.265706e-07,5.830557e-05,1.585661e-05,4.468554e-07,9.061955e-08,0.065687,0.1008245,-0.0591338,-0.1042556
231,0.48,1e-06,5e-06,3.571246e-06,-9.979613e-07,6.822833e-05,1.845889e-05,5.215104e-07,1.068497e-07,0.075687,0.1046851,-0.06913377,-0.108128
232,0.49,1e-06,5e-06,4.306689e-06,-1.196445e-06,7.899252e-05,2.127135e-05,6.026579e-07,1.249728e-07,0.085687,0.1090404,-0.07913374,-0.1124936
233,0.5,1e-06,5e-06,5.153554e-06,-1.423992e-06,9.049332e-05,2.42664e-05,6.896708e-07,1.449844e-07,0.095687,0.1138991,-0.0891337,-0.1173632
234,0.51,1e-06,5e-06,6.118593e-06,-1.682266e-06,0.0001026053,2.741128e-05,7.817894e-07,1.668456e-07,0.105687,0.1192646,-0.09913366,-0.1227426
235,0.52,1e-06,5e-06,7.207239e-06,-1.972587e-06,0.000115191,3.067007e-05,8.781741e-07,1.904856e-07,0.115687,0.1251355,-0.1091336,-0.1286327
236,0.53,1e-06,5e-06,8.423521e-06,-2.295912e-06,0.0001281092,3.40059e-05,9.779594e-07,2.158081e-07,0.125687,0.1315054,-0.1191336,-0.1350302
237,0.54,1e-06,5e-06,9.770073e-06,-2.652827e-06,0.0001412231,3.738289e-05,1.080304e-06,2.426971e-07,0.135687,0.1383636,-0.1291335,-0.1419274
238,0.55,1e-06,5e-06,1.124822e-05,-3.043578e-06,0.0001544073,4.076786e-05,1.184433e-06,2.710234e-07,0.145687,0.1456954,-0.1391334,-0.1493126
239,0.56,1e-06,5e-06,1.285808e-05,-3.468092e-06,0.0001675517,4.413156e-05,1.289666e-06,3.006511e-07,0.155687,0.153482,-0.1491334,-0.1571706
240,0.57,1e-06,5e-06,1.459881e-05,-3.926031e-06,0.0001805653,4.744952e-05,1.395439e-06,3.314434e-07,0.165687,0.1617011,-0.1591333,-0.1654824
241,0.58,1e-06,5e-06,1.646871e-05,-4.416836e-06,0.0001933769,5.070233e-05,1.501309e-06,3.632667e-07,0.175687,0.1703277,-0.1691332,-0.1742261
242,0.59,1e-06,5e-06,1.84655e-05,-4.939779e-06,0.0002059344,5.387566e-05,1.606956e-06,3.959946e-07,0.185687,0.1793338,-0.1791331,-0.183377
243,0.6,1e-06,5e-06,2.058644e-05,-5.494014e-06,0.000218204,5.69599e-05,1.712169e-06,4.295103e-07,0.195687,0.1886898,-0.1891331,-0.1929081
244,0.61,1e-06,5e-06,2.282855e-05,-6.07862e-06,0.0002301674,5.99497e-05,1.81684e-06,4.637083e-07,0.205687,0.1983648,-0.199133,-0.2027907
245,0.62,1e-06,5e-06,2.518875e-05,-6.692641e-06,0.0002418195,6.284326e-05,1.920946e-06,4.984949e-07,0.215687,0.2083269,-0.2091329,-0.2129947
246,0.63,1e-06,5e-06,2.766392e-05,-7.335117e-06,0.0002531654,6.564172e-05,2.024529e-06,5.337888e-07,0.225687,0.2185442,-0.2191328,-0.2234895
247,0.64,1e-06,5e-06,3.025108e-05,-8.005114e-06,0.0002642184,6.834847e-05,2.127689e-06,5.695202e-07,0.235687,0.2289854,-0.2291327,-0.2342441
248,0.65,1e-06,5e-06,3.294737e-05,-8.701737e-06,0.0002749968,7.096851e-05,2.230562e-06,6.05631e-07,0.245687,0.2396201,-0.2391325,-0.2452281
249,0.66,1e-06,5e-06,3.575017e-05,-9.424151e-06,0.0002855228,7.350798e-05,2.333313e-06,6.42073e-07,0.255687,0.250419,-0.2491324,-0.2564116
250,0.67,1e-06,5e-06,3.865707e-05,-1.017158e-05,0.0002958202,7.597363e-05,2.436123e-06,6.788075e-07,0.265687,0.2613551,-0.2591323,-0.2677661
251,0.68,1e-06,5e-06,4.166589e-05,-1.094333e-05,0.0003059134,7.837252e-05,2.539184e-06,7.158043e-07,0.275687,0.2724032,-0.2691322,-0.2792644
252,0.69,1e-06,5e-06,4.477473e-05,-1.173875e-05,0.0003158264,8.071168e-05,2.64269e-06,7.530405e-07,0.285687,0.2835401,-0.2791321,-0.2908811
253,0.7,1e-06,5e-06,4.798189e-05,-1.25573e-05,0.0003255819,8.299796e-05,2.746833e-06,7.904996e-07,0.295687,0.2947455,-0.2891319,-0.302593
254,0.71,1e-06,5e-06,5.128591e-05,-1.339847e-05,0.0003352009,8.523779e-05,2.851802e-06,8.281706e-07,0.305687,0.306001,-0.2991318,-0.3143786
255,0.72,1e-06,5e-06,5.468552e-05,-1.426183e-05,0.0003447026,8.743718e-05,2.95778e-06,8.660474e-07,0.315687,0.317291,-0.3091317,-0.3262188
256,0.73,1e-06,5e-06,5.817963e-05,-1.5147e-05,0.000354104,8.960159e-05,3.064941e-06,9.041277e-07,0.325687,0.328602,-0.3191315,-0.3380966
257,0.74,1e-06,5e-06,6.176731e-05,-1.605365e-05,0.0003634197,9.173594e-05,3.173453e-06,9.42413e-07,0.335687,0.3399227,-0.3291314,-0.3499971
258,0.75,1e-06,5e-06,6.544778e-05,-1.698152e-05,0.0003726627,9.384458e-05,3.283475e-06,9.809075e-07,0.345687,0.3512441,-0.3391312,-0.3619073
259,0.76,1e-06,5e-06,6.922036e-05,-1.793036e-05,0.0003818435,9.593135e-05,3.395159e-06,1.019618e-06,0.355687,0.3625588,-0.3491311,-0.3738165
260,0.77,1e-06,5e-06,7.308447e-05,-1.889997e-05,0.000390971,9.799957e-05,3.508653e-06,1.058553e-06,0.365687,0.3738614,-0.3591309,-0.3857153
261,0.78,1e-06,5e-06,7.703962e-05,-1.989017e-05,0.0004000523,0.0001000521,3.624098e-06,1.097723e-06,0.375687,0.3851478,-0.3691308,-0.3975963
262,0.79,1e-06,5e-06,8.108538e-05,-2.090083e-05,0.0004090929,0.0001020914,3.741631e-06,1.137141e-06,0.385687,0.3964154,-0.3791306,-0.4094534
263,0.8,1e-06,5e-06,8.522135e-05,-2.193183e-05,0.0004180972,0.0001041194,3.861386e-06,1.17682e-06,0.395687,0.4076629,-0.3891304,-0.4212821
264,0.81,1e-06,5e-06,8.944721e-05,-2.298305e-05,0.000427068,0.000106138,3.983496e-06,1.216774e-06,0.405687,0.4188898,-0.3991303,-0.4330788
265,0.82,1e-06,5e-06,9.376261e-05,-2.405441e-05,0.0004360072,0.0001081483,4.108094e-06,1.25702e-06,0.415687,0.4300966,-0.4091301,-0.4448411
266,0.83,1e-06,5e-06,9.816724e-05,-2.514584e-05,0.0004449159,0.0001101517,4.23531e-06,1.297573e-06,0.425687,0.4412845,-0.4191299,-0.4565674
267,0.84,1e-06,5e-06,0.0001026608,-2.625727e-05,0.0004537944,0.000112149,4.365278e-06,1.338453e-06,0.435687,0.4524552,-0.4291297,-0.468257
268,0.85,1e-06,5e-06,0.000107243,-2.738864e-05,0.0004626422,0.0001141408,4.498134e-06,1.379678e-06,0.445687,0.4636111,-0.4391296,-0.4799098
269,0.86,1e-06,5e-06,0.0001119136,-2.85399e-05,0.0004714583,0.0001161277,4.634017e-06,1.421266e-06,0.455687,0.4747548,-0.4491294,-0.4915262
270,0.87,1e-06,5e-06,0.0001166721,-2.9711e-05,0.0004802414,0.00011811,4.773069e-06,1.46324e-06,0.465687,0.4858893,-0.4591292,-0.5031071
271,0.88,1e-06,5e-06,0.0001215183,-3.09019e-05,0.0004889897,0.0001200882,4.915441e-06,1.50562e-06,0.475687,0.4970177,-0.469129,-0.5146536
272,0.89,1e-06,5e-06,0.0001264517,-3.211256e-05,0.0004977011,0.0001220622,5.061284e-06,1.54843e-06,0.485687,0.5081433,-0.4791288,-0.5261673
273,0.9,1e-06,5e-06,0.0001314722,-3.334294e-05,0.0005063734,0.0001240322,5.21076e-06,1.591693e-06,0.495687,0.5192695,-0.4891286,-0.5376499
274,0.91,1e-06,5e-06,0.0001365791,-3.459299e-05,0.0005150042,0.0001259981,5.364038e-06,1.635435e-06,0.505687,0.5303999,-0.4991284,-0.5491032
275,0.92,1e-06,5e-06,0.0001417721,-3.586268e-05,0.0005235907,0.0001279601,5.521294e-06,1.679682e-06,0.515687,0.5415378,-0.5091282,-0.5605293
276,0.93,1e-06,5e-06,0.0001470507,-3.715196e-05,0.0005321304,0.0001299178,5.682713e-06,1.724463e-06,0.525687,0.5526869,-0.519128,-0.5719301
277,0.94,1e-06,5e-06,0.0001524145,-3.84608e-05,0.0005406205,0.0001318714,5.848491e-06,1.769807e-06,0.535687,0.5638503,-0.5291278,-0.5833078
278,0.95,1e-06,5e-06,0.000157863,-3.978915e-05,0.0005490583,0.0001338205,6.018835e-06,1.815746e-06,0.545687,0.5750317,-0.5391276,-0.5946643
279,0.96,1e-06,5e-06,0.0001633955,-4.113696e-05,0.000557441,0.0001357651,6.193962e-06,1.862316e-06,0.555687,0.5862342,-0.5491274,-0.6060018
280,0.97,1e-06,5e-06,0.0001690116,-4.250419e-05,0.000565766,0.000137705,6.374103e-06,1.909551e-06,0.565687,0.5974611,-0.5591272,-0.6173223
281,0.98,1e-06,5e-06,0.0001747106,-4.389079e-05,0.0005740304,0.00013964,6.5595e-06,1.95749e-06,0.575687,0.6087155,-0.5691269,-0.6286277
282,0.99,1e-06,5e-06,0.000180492,-4.529672e-05,0.0005822317,0.00014157,6.750412e-06,2.006177e-06,0.585687,0.6200005,-0.5791267,-0.6399199
283,1.0,1e-06,5e-06,0.000186355,-4.672191e-05,0.0005903673,0.0001434946,6.947111e-06,2.055656e-06,0.595687,0.6313189,-0.5891265,-0.6512009
284,1.01,1e-06,5e-06,0.0001922991,-4.816632e-05,0.0005984345,0.0001454139,7.149887e-06,2.105975e-06,0.605687,0.6426738,-0.5991263,-0.6624722
285,1.02,1e-06,5e-06,0.0001983235,-4.962989e-05,0.0006064309,0.0001473275,7.359046e-06,2.157189e-06,0.615687,0.6540678,-0.609126,-0.6737357
286,1.03,1e-06,5e-06,0.0002044275,-5.111257e-05,0.000614354,0.0001492353,7.574913e-06,2.209353e-06,0.625687,0.6655037,-0.6191258,-0.6849929
287,1.04,1e-06,5e-06,0.0002106103,-5.261429e-05,0.0006222016,0.0001511372,7.797834e-06,2.262532e-06,0.635687,0.6769841,-0.6291256,-0.6962454
288,1.05,1e-06,5e-06,0.0002168712,-5.413499e-05,0.0006299713,0.000153033,8.028174e-06,2.316794e-06,0.645687,0.6885114,-0.6391253,-0.7074945
289,1.06,1e-06,5e-06,0.0002232094,-5.567462e-05,0.0006376609,0.0001549225,8.266323e-06,2.372213e-06,0.655687,0.7000882,-0.6491251,-0.7187416
290,1.07,1e-06,5e-06,0.0002296242,-5.72331e-05,0.0006452683,0.0001568056,8.512694e-06,2.428873e-06,0.665687,0.7117168,-0.6591248,-0.729988
291,1.08,1e-06,5e-06,0.0002361145,-5.881038e-05,0.0006527913,0.0001586822,8.767724e-06,2.486865e-06,0.675687,0.7233997,-0.6691246,-0.7412348
292,1.09,1e-06,5e-06,0.0002426797,-6.040639e-05,0.000660228,0.0001605522,9.031882e-06,2.54629e-06,0.685687,0.735139,-0.6791243,-0.7524828
293,1.1,1e-06,5e-06,0.0002493188,-6.202106e-05,0.0006675764,0.0001624156,9.305664e-06,2.607262e-06,0.695687,0.7469371,-0.6891241,-0.7637329
294,1.11,1e-06,5e-06,0.0002560309,-6.365433e-05,0.0006748346,0.0001642723,9.589597e-06,2.669909e-06,0.705687,0.7587961,-0.6991238,-0.7749854
295,1.12,1e-06,5e-06,0.0002628152,-6.530613e-05,0.0006820007,0.0001661226,9.884243e-06,2.734377e-06,0.715687,0.7707181,-0.7091235,-0.7862401
296,1.13,1e-06,5e-06,0.0002696706,-6.69764e-05,0.000689073,0.0001679668,1.01902e-05,2.800838e-06,0.725687,0.7827055,-0.7191233,-0.7974956
297,1.14,1e-06,5e-06,0.0002765963,-6.866508e-05,0.0006960496,0.0001698058,1.050811e-05,2.8695e-06,0.735687,0.7947603,-0.729123,-0.8087483
298,1.15,1e-06,5e-06,0.0002835913,-7.037212e-05,0.000702929,0.0001716415,1.083865e-05,2.940627e-06,0.745687,0.8068845,-0.7391227,-0.8199897
299,1.16,1e-06,5e-06,0.0002906545,-7.209752e-05,0.0007097093,0.0001734783,1.118254e-05,3.014592e-06,0.755687,0.8190805,-0.7491225,-0.8311992
300,1.17,1e-06,5e-06,0.0002977851,-7.384133e-05,0.0007163891,0.000175327,1.154056e-05,3.091992e-06,0.765687,0.8313502,-0.7591222,-0.8423269
301,1.18,1e-06,5e-06,0.000304982,-7.560377e-05,0.0007229666,0.0001772121,1.191354e-05,3.173935e-06,0.775687,0.8436958,-0.7691219,-0.8532574
302,1.19,1e-06,5e-06,0.0003122441,-7.738538e-05,0.0007294403,0.0001791634,1.230235e-05,3.26247e-06,0.785687,0.8561196,-0.7791216,-0.8638524
303,1.2,1e-06,5e-06,0.0003195704,-7.918668e-05,0.0007358087,0.00018113,1.270793e-05,3.359835e-06,0.795687,0.8686236,-0.7891213,-0.8743631
304,1.21,1e-06,5e-06,0.0003269599,-8.100725e-05,0.0007420701,0.0001830136,1.31313e-05,3.465961e-06,0.805687,0.8812102,-0.799121,-0.8852594
305,1.22,1e-06,5e-06,0.0003344114,-8.284625e-05,0.000748223,0.0001848207,1.357352e-05,3.579397e-06,0.815687,0.8938817,-0.8091207,-0.8965039
306,1.23,1e-06,5e-06,0.000341924,-8.470307e-05,0.000754266,0.0001865849,1.403576e-05,3.699369e-06,0.825687,0.9066403,-0.8191204,-0.9079305
307,1.24,1e-06,5e-06,0.0003494964,-8.65774e-05,0.0007601973,0.0001883231,1.451923e-05,3.825793e-06,0.835687,0.9194885,-0.8291201,-0.9194559
308,1.25,1e-06,5e-06,0.0003571275,-8.8469e-05,0.0007660156,0.0001900421,1.502526e-05,3.958932e-06,0.845687,0.9324289,-0.8391198,-0.9310465
309,1.26,1e-06,5e-06,0.0003648163,-9.03777e-05,0.0007717191,0.0001917445,1.555526e-05,4.099237e-06,0.855687,0.9454639,-0.8491195,-0.9426889
310,1.27,1e-06,5e-06,0.0003725615,-9.230334e-05,0.0007773064,0.0001934313,1.611075e-05,4.247282e-06,0.865687,0.9585962,-0.8591192,-0.9543785
311,1.28,1e-06,5e-06,0.000380362,-9.424578e-05,0.0007827758,0.0001951028,1.669334e-05,4.403739e-06,0.875687,0.9718287,-0.8691189,-0.9661143
312,1.29,1e-06,5e-06,0.0003882166,-9.620484e-05,0.0007881256,0.0001967585,1.730478e-05,4.569381e-06,0.885687,0.9851643,-0.8791186,-0.9778975
313,1.3,1e-06,5e-06,0.0003961241,-9.818037e-05,0.0007933541,0.0001983982,1.794693e-05,4.745077e-06,0.895687,0.998606,-0.8891183,-0.9897305
314,1.31,1e-06,5e-06,0.0004040833,-0.0001001722,0.0007984595,0.0002000211,1.862179e-05,4.931806e-06,0.905687,1.012157,-0.899118,-1.001617
315,1.32,1e-06,5e-06,0.0004120929,-0.0001021802,0.0008034401,0.0002016264,1.933151e-05,5.130661e-06,0.915687,1.025821,-0.9091177,-1.01356
316,1.33,1e-06,5e-06,0.0004201516,-0.0001042041,0.0008082939,0.0002032132,2.007839e-05,5.342862e-06,0.925687,1.039601,-0.9191173,-1.025565
317,1.34,1e-06,5e-06,0.0004282583,-0.0001062438,0.0008130189,0.0002047804,2.086492e-05,5.569773e-06,0.935687,1.053501,-0.929117,-1.037637
318,1.35,1e-06,5e-06,0.0004364115,-0.0001082991,0.0008176131,0.0002063269,2.169375e-05,5.812908e-06,0.945687,1.067526,-0.9391167,-1.049782
319,1.36,1e-06,5e-06,0.0004446101,-0.0001103697,0.0008220743,0.0002078513,2.256774e-05,6.073951e-06,0.955687,1.081679,-0.9491164,-1.062007
320,1.37,1e-06,5e-06,0.0004528526,-0.0001124555,0.0008264001,0.0002093521,2.348994e-05,6.354769e-06,0.965687,1.095964,-0.959116,-1.074319
321,1.38,1e-06,5e-06,0.0004611376,-0.0001145561,0.0008305883,0.0002108276,2.446365e-05,6.657428e-06,0.975687,1.110388,-0.9691157,-1.086727
322,1.39,1e-06,5e-06,0.0004694638,-0.0001166713,0.0008346361,0.0002122762,2.54924e-05,6.984204e-06,0.985687,1.124955,-0.9791154,-1.099241
323,1.4,1e-06,5e-06,0.0004778298,-0.0001188009,0.000838541,0.0002136957,2.657997e-05,7.3376e-06,0.995687,1.13967,-0.989115,-1.11187
324,1.41,1e-06,5e-06,0.0004862342,-0.0001209445,0.0008423,0.000215084,2.773044e-05,7.720354e-06,1.005687,1.154539,-0.9991147,-1.124626
325,1.42,1e-06,5e-06,0.0004946753,-0.0001231018,0.0008459101,0.0002164388,2.894815e-05,8.135448e-06,1.015687,1.169569,-1.009114,-1.137521
326,1.43,1e-06,5e-06,0.0005031518,-0.0001252725,0.0008493682,0.0002177576,3.023778e-05,8.586109e-06,1.025687,1.184767,-1.019114,-1.150569
327,1.44,1e-06,5e-06,0.0005116621,-0.0001274562,0.0008526707,0.0002190375,3.160432e-05,9.075807e-06,1.035687,1.20014,-1.029114,-1.163784
328,1.45,1e-06,5e-06,0.0005202047,-0.0001296525,0.000855814,0.0002202757,3.30531e-05,9.608246e-06,1.045687,1.215696,-1.039113,-1.177184
329,1.46,1e-06,5e-06,0.0005287779,-0.0001318609,0.0008587943,0.0002214692,3.458982e-05,1.018734e-05,1.055687,1.231442,-1.049113,-1.190783
330,1.47,1e-06,5e-06,0.00053738,-0.000134081,0.0008616074,0.0002226148,3.622057e-05,1.081719e-05,1.065687,1.247389,-1.059113,-1.204601
331,1.48,1e-06,5e-06,0.0005460094,-0.0001363123,0.0008642491,0.0002237093,3.795181e-05,1.150202e-05,1.075687,1.263546,-1.069112,-1.218656
332,1.49,1e-06,5e-06,0.0005546644,-0.0001385543,0.0008667148,0.0002247492,3.97904e-05,1.224615e-05,1.085687,1.279924,-1.079112,-1.232968
333,1.5,1e-06,5e-06,0.0005633431,-0.0001408064,0.0008689996,0.0002257315,4.174362e-05,1.305391e-05,1.095687,1.296532,-1.089112,-1.247557
334,1.51,1e-06,5e-06,0.0005720437,-0.000143068,0.0008710984,0.0002266528,4.381915e-05,1.392956e-05,1.105687,1.313385,-1.099111,-1.262442
335,1.52,1e-06,5e-06,0.0005807644,-0.0001453385,0.0008730059,0.0002275101,4.602508e-05,1.487719e-05,1.115687,1.330494,-1.109111,-1.277645
336,1.53,1e-06,5e-06,0.0005895031,-0.0001476173,0.0008747166,0.0002283006,4.83699e-05,1.590065e-05,1.125687,1.347872,-1.11911,-1.293184
337,1.54,1e-06,5e-06,0.000598258,-0.0001499036,0.0008762246,0.0002290217,5.086246e-05,1.70034e-05,1.135687,1.365536,-1.12911,-1.309077
338,1.55,1e-06,5e-06,0.0006070269,-0.0001521967,0.000877524,0.0002296714,5.351197e-05,1.818843e-05,1.145687,1.383499,-1.13911,-1.325343
339,1.56,1e-06,5e-06,0.0006158077,-0.000154496,0.0008786086,0.000230248,5.632793e-05,1.945818e-05,1.155687,1.40178,-1.149109,-1.341996
340,1.57,1e-06,5e-06,0.0006245983,-0.0001568006,0.0008794721,0.0002307503,5.932012e-05,2.081444e-05,1.165687,1.420394,-1.159109,-1.35905
341,1.58,1e-06,5e-06,0.0006333964,-0.0001591099,0.0008801082,0.0002311779,6.249846e-05,2.225826e-05,1.175687,1.43936,-1.169109,-1.376515
342,1.59,1e-06,5e-06,0.0006421997,-0.0001614231,0.0008805106,0.0002315306,6.587298e-05,2.378997e-05,1.185687,1.458698,-1.179108,-1.3944
343,1.6,1e-06,5e-06,0.0006510058,-0.0001637395,0.000880673,0.0002318093,6.945371e-05,2.54091e-05,1.195687,1.478428,-1.189108,-1.412709
344,1.61,1e-06,5e-06,0.0006598123,-0.0001660583,0.0008805892,0.0002320151,7.325052e-05,2.711444e-05,1.205687,1.49857,-1.199107,-1.431444
345,1.62,1e-06,5e-06,0.0006686167,-0.0001683787,0.0008802534,0.0002321497,7.727303e-05,2.890404e-05,1.215687,1.519146,-1.209107,-1.450605
346,1.63,1e-06,5e-06,0.0006774165,-0.0001707002,0.00087966,0.0002322155,8.15304e-05,3.077532e-05,1.225687,1.540178,-1.219107,-1.470188
347,1.64,1e-06,5e-06,0.000686209,-0.000173022,0.0008788042,0.0002322151,8.603124e-05,3.272508e-05,1.235687,1.561688,-1.229106,-1.490187
348,1.65,1e-06,5e-06,0.0006949916,-0.0001753434,0.0008776815,0.0002321517,9.078333e-05,3.474966e-05,1.245687,1.583699,-1.239106,-1.510593
349,1.66,1e-06,5e-06,0.0007037617,-0.0001776639,0.0008762883,0.0002320286,9.579351e-05,3.684502e-05,1.255687,1.606233,-1.249106,-1.531397
350,1.67,1e-06,5e-06,0.0007125165,-0.0001799829,0.0008746219,0.0002318492,0.0001010675,3.90068e-05,1.265687,1.629313,-1.259105,-1.552586
351,1.68,1e-06,5e-06,0.0007212532,-0.0001822999,0.0008726803,0.0002316174,0.0001066095,4.123051e-05,1.275687,1.652961,-1.269105,-1.574147
352,1.69,1e-06,5e-06,0.0007299691,-0.0001846142,0.0008704632,0.0002313367,0.0001124226,4.351154e-05,1.285687,1.677197,-1.279105,-1.596065
353,1.7,1e-06,5e-06,0.0007386615,-0.0001869255,0.0008679709,0.0002310109,0.0001185078,4.584528e-05,1.295687,1.702042,-1.289104,-1.618327
354,1.71,1e-06,5e-06,0.0007473276,-0.0001892334,0.0008652054,0.0002306435,0.0001248647,4.822719e-05,1.305687,1.727515,-1.299104,-1.640917
355,1.72,1e-06,5e-06,0.0007559647,-0.0001915374,0.0008621697,0.000230238,0.0001314909,5.065286e-05,1.315687,1.753633,-1.309103,-1.66382
356,1.73,1e-06,5e-06,0.0007645701,-0.0001938371,0.0008588685,0.0002297979,0.0001383822,5.311806e-05,1.325687,1.780412,-1.319103,-1.687022
357,1.74,1e-06,5e-06,0.0007731411,-0.0001961323,0.0008553074,0.0002293262,0.0001455326,5.561875e-05,1.335687,1.807867,-1.329103,-1.710509
358,1.75,1e-06,5e-06,0.0007816753,-0.0001984226,0.0008514936,0.0002288259,0.0001529343,5.815112e-05,1.345687,1.83601,-1.339102,-1.734267
359,1.76,1e-06,5e-06,0.0007901702,-0.0002007077,0.0008474353,0.0002282998,0.0001605779,6.071163e-05,1.355687,1.864851,-1.349102,-1.758283
360,1.77,1e-06,5e-06,0.0007986232,-0.0002029875,0.0008431417,0.0002277504,0.0001684524,6.329697e-05,1.365687,1.894398,-1.359102,-1.782544
361,1.78,1e-06,5e-06,0.0008070322,-0.0002052617,0.0008386231,0.0002271802,0.0001765456,6.590407e-05,1.375687,1.92466,-1.369101,-1.807039
362,1.79,1e-06,5e-06,0.0008153949,-0.0002075301,0.0008338903,0.0002265913,0.0001848442,6.853013e-05,1.385687,1.955641,-1.379101,-1.831757
363,1.8,1e-06,5e-06,0.0008237093,-0.0002097925,0.0008289549,0.0002259856,0.0001933342,7.117257e-05,1.395687,1.987344,-1.389101,-1.856689
